{"cameraMode":{"drawMode":0,"name":"Shaded","section":"Shading Mode"},"sceneLighting":false,"audioPlay":false,"sceneViewState":{"showFog":true,"showMaterialUpdate":false,"showSkybox":true,"showFlares":true,"showImageEffects":true,"showParticleSystems":true},"in2DMode":false,"pivot":{"x":17.165985107421876,"y":6.660118579864502,"z":-8.18645191192627},"rotation":{"x":-0.14713139832019807,"y":0.10297401249408722,"z":-0.015515230596065522,"w":-0.9837186336517334},"size":2.3150970935821535,"orthographic":false}