{"cameraMode":{"drawMode":0,"name":"Shaded","section":"Shading Mode"},"sceneLighting":false,"audioPlay":false,"sceneViewState":{"showFog":true,"showMaterialUpdate":false,"showSkybox":true,"showFlares":true,"showImageEffects":true,"showParticleSystems":true},"in2DMode":false,"pivot":{"x":22.203369140625,"y":7.271468639373779,"z":-11.1935453414917},"rotation":{"x":0.20993489027023316,"y":0.00012158606841694564,"z":0.00016299274284392595,"w":0.9778583645820618},"size":3.8603718280792238,"orthographic":false}