{"cameraMode":{"drawMode":0,"name":"Shaded","section":"Shading Mode"},"sceneLighting":false,"audioPlay":false,"sceneViewState":{"showFog":true,"showMaterialUpdate":false,"showSkybox":true,"showFlares":true,"showImageEffects":true,"showParticleSystems":true},"in2DMode":false,"pivot":{"x":28.09316635131836,"y":5.2196879386901859,"z":-16.915130615234376},"rotation":{"x":-0.011948388069868088,"y":-0.0786052793264389,"z":0.0008612334495410323,"w":-0.9969342350959778},"size":2.3150970935821535,"orthographic":false}